INSERT into items (itemId, title, types, rating) VALUES (1, 'Чизбургер пицца', ARRAY[0, 1], 4);
INSERT INTO image (itemId, thin, traditional) VALUES (1, 'https://dodopizza-a.akamaihd.net/static/Img/Products/8411159aa0764daca235e7eb6abc7870_584x584.jpeg', 'https://dodopizza-a.akamaihd.net/static/Img/Products/Pizza/ru-RU/b750f576-4a83-48e6-a283-5a8efb68c35d.jpg');
INSERT INTO prices (itemId, forSmall, forMiddle, forBig) VALUES (1, 419, 629, 749);
INSERT INTO sizes (itemId, small, middle, big) VALUES (1, 25, 30, 35);
INSERT INTO props (itemId, spicy, meat, vegetarian, grilled, closed) VALUES (1, False, True, False, False, False);

INSERT into items (itemId, title, types, rating) VALUES (2, 'Пицца Жюльен', ARRAY[0, 1], 5);
INSERT INTO image (itemId, thin, traditional) VALUES (2, 'https://dodopizza-a.akamaihd.net/static/Img/Products/02a38899560844c4ba8530ee39b0cbeb_584x584.jpeg', 'https://dodopizza-a.akamaihd.net/static/Img/Products/e482d5c7b107456783a0e0100952d05f_584x584.jpeg');
INSERT INTO prices (itemId, forSmall, forMiddle, forBig) VALUES (2, 469, 719, 799);
INSERT INTO sizes (itemId, small, middle, big) VALUES (2, 25, 30, 35);
INSERT INTO props (itemId, spicy, meat, vegetarian, grilled, closed) VALUES (2, False, True, False, True, False);

INSERT into items (itemId, title, types, rating) VALUES (3, 'Пицца от шефа', ARRAY[0, 1], 6);
INSERT INTO image (itemId, thin, traditional) VALUES (3, 'https://dodopizza-a.akamaihd.net/static/Img/Products/12619b591aa24676857a64e6e46d36bc_584x584.jpeg', 'https://dodopizza-a.akamaihd.net/static/Img/Products/d7bbbc4c74af442e8b9b3ea2faf3c941_584x584.jpeg');
INSERT INTO prices (itemId, forSmall, forMiddle, forBig) VALUES (3, 639, 959, 1099);
INSERT INTO sizes (itemId, small, middle, big) VALUES (3, 25, 30, 35);
INSERT INTO props (itemId, spicy, meat, vegetarian, grilled, closed) VALUES (3, False, True, False, True, False);

INSERT into items (itemId, title, types, rating) VALUES (4, 'Сырная', ARRAY[0, 1], 4);
INSERT INTO image (itemId, thin, traditional) VALUES (4, 'https://dodopizza-a.akamaihd.net/static/Img/Products/05eee37cf0074207992acad0b5ebb3fb_584x584.jpeg', 'https://dodopizza-a.akamaihd.net/static/Img/Products/d9c609f1422247f2b87b6293eb461ff0_584x584.jpeg');
INSERT INTO prices (itemId, forSmall, forMiddle, forBig) VALUES (4, 289, 479, 609);
INSERT INTO sizes (itemId, small, middle, big) VALUES (4, 25, 30, 35);
INSERT INTO props (itemId, spicy, meat, vegetarian, grilled, closed) VALUES (4, False, False, True, False, False);

INSERT into items (itemId, title, types, rating) VALUES (5, 'Пепперони фреш', ARRAY[0, 1], 7);
INSERT INTO image (itemId, thin, traditional) VALUES (5, 'https://dodopizza-a.akamaihd.net/static/Img/Products/5cc95da360d9483dbaa9b550731b5016_584x584.jpeg', 'https://dodopizza-a.akamaihd.net/static/Img/Products/27c9bbd0af3a4d1d84a086d9c2f1656d_584x584.jpeg');
INSERT INTO prices (itemId, forSmall, forMiddle, forBig) VALUES (5, 289, 479, 609);
INSERT INTO sizes (itemId, small, middle, big) VALUES (5, 25, 30, 35);
INSERT INTO props (itemId, spicy, meat, vegetarian, grilled, closed) VALUES (5, False, True, False, False, False);

INSERT into items (itemId, title, types, rating) VALUES (6, 'Двойной цыплёнок', ARRAY[0, 1], 6);
INSERT INTO image (itemId, thin, traditional) VALUES (6, 'https://dodopizza-a.akamaihd.net/static/Img/Products/ca07c827444f4b6d9eb3eedf36e256a2_584x584.jpeg', 'https://dodopizza-a.akamaihd.net/static/Img/Products/ddadb2bd7f2d40459acddbe2f51a2389_584x584.jpeg');
INSERT INTO prices (itemId, forSmall, forMiddle, forBig) VALUES (6, 369, 529, 689);
INSERT INTO sizes (itemId, small, middle, big) VALUES (6, 25, 30, 35);
INSERT INTO props (itemId, spicy, meat, vegetarian, grilled, closed) VALUES (6, False, True, False, True, False);

INSERT into items (itemId, title, types, rating) VALUES (7, 'Чоризо фреш', ARRAY[0, 1], 5);
INSERT INTO image (itemId, thin, traditional) VALUES (7, 'https://dodopizza-a.akamaihd.net/static/Img/Products/a580002d22234da59c56a3e898f7b285_584x584.jpeg', 'https://dodopizza-a.akamaihd.net/static/Img/Products/02ca2561953b488993878d1f70e359de_584x584.jpeg');
INSERT INTO prices (itemId, forSmall, forMiddle, forBig) VALUES (7, 289, 479, 609);
INSERT INTO sizes (itemId, small, middle, big) VALUES (7, 25, 30, 35);
INSERT INTO props (itemId, spicy, meat, vegetarian, grilled, closed) VALUES (7, True, True, False, False, False);

INSERT into items (itemId, title, types, rating) VALUES (8, 'Ветчина и сыр', ARRAY[0, 1], 4);
INSERT INTO image (itemId, thin, traditional) VALUES (8, 'https://dodopizza-a.akamaihd.net/static/Img/Products/f1380af5e4a34b22b8b692db69ec52c4_584x584.jpeg', 'https://dodopizza-a.akamaihd.net/static/Img/Products/cea570842b754c52b786c231c65bd2e2_584x584.jpeg');
INSERT INTO prices (itemId, forSmall, forMiddle, forBig) VALUES (8, 369, 529, 689);
INSERT INTO sizes (itemId, small, middle, big) VALUES (8, 25, 30, 35);
INSERT INTO props (itemId, spicy, meat, vegetarian, grilled, closed) VALUES (8, False, True, False, False, False);

INSERT into items (itemId, title, types, rating) VALUES (9, 'Микс', ARRAY[0, 1], 3);
INSERT INTO image (itemId, thin, traditional) VALUES (9, 'https://dodopizza-a.akamaihd.net/static/Img/Products/46fee087bc464d1f89f126a4a3eaddda_584x584.jpeg', 'https://dodopizza-a.akamaihd.net/static/Img/Products/3deea5573fc64c28a64ff83477f55eed_584x584.jpeg');
INSERT INTO prices (itemId, forSmall, forMiddle, forBig) VALUES (9, 519, 819, 949);
INSERT INTO sizes (itemId, small, middle, big) VALUES (9, 25, 30, 35);
INSERT INTO props (itemId, spicy, meat, vegetarian, grilled, closed) VALUES (9, False, True, False, True, False);

INSERT into items (itemId, title, types, rating) VALUES (10, 'Карбонара', ARRAY[0, 1], 9);
INSERT INTO image (itemId, thin, traditional) VALUES (10, 'https://dodopizza-a.akamaihd.net/static/Img/Products/c5e5a95aec334241ae326988823dab49_584x584.jpeg', 'https://dodopizza-a.akamaihd.net/static/Img/Products/9f54fa5d2d204f5fa70579e2e1982d03_584x584.jpeg');
INSERT INTO prices (itemId, forSmall, forMiddle, forBig) VALUES (10, 469, 719, 799);
INSERT INTO sizes (itemId, small, middle, big) VALUES (10, 25, 30, 35);
INSERT INTO props (itemId, spicy, meat, vegetarian, grilled, closed) VALUES (10, False, True, False, False, False);

INSERT into items (itemId, title, types, rating) VALUES (11, 'Мясной микс с пастрами из говядины', ARRAY[0, 1], 8);
INSERT INTO image (itemId, thin, traditional) VALUES (11, 'https://dodopizza-a.akamaihd.net/static/Img/Products/bff40a96e24f42a3919806921d3b5450_584x584.jpeg', 'https://dodopizza-a.akamaihd.net/static/Img/Products/4cc24119285949f09e5a4da61fd711ed_584x584.jpeg');
INSERT INTO prices (itemId, forSmall, forMiddle, forBig) VALUES (11, 519, 819, 949);
INSERT INTO sizes (itemId, small, middle, big) VALUES (11, 25, 30, 35);
INSERT INTO props (itemId, spicy, meat, vegetarian, grilled, closed) VALUES (11, True, True, False, True, False);

INSERT into items (itemId, title, types, rating) VALUES (12, 'Сырный цыплёнок', ARRAY[0, 1], 7);
INSERT INTO image (itemId, thin, traditional) VALUES (12, 'https://dodopizza-a.akamaihd.net/static/Img/Products/69253f71abf543dd8ae6ef42b680ceb0_584x584.jpeg', 'https://dodopizza-a.akamaihd.net/static/Img/Products/42360a7dcb7640c998b723231586fe84_584x584.jpeg');
INSERT INTO prices (itemId, forSmall, forMiddle, forBig) VALUES (12, 469, 719, 799);
INSERT INTO sizes (itemId, small, middle, big) VALUES (12, 25, 30, 35);
INSERT INTO props (itemId, spicy, meat, vegetarian, grilled, closed) VALUES (12, False, True, False, True, False);

INSERT into items (itemId, title, types, rating) VALUES (13, 'Песто', ARRAY[0, 1], 6);
INSERT INTO image (itemId, thin, traditional) VALUES (13, 'https://dodopizza-a.akamaihd.net/static/Img/Products/48053c779d254c418555063071b1d1ad_584x584.jpeg', 'https://dodopizza-a.akamaihd.net/static/Img/Products/ba58ba9c2a3a4dbda7eb618882d7128d_584x584.jpeg');
INSERT INTO prices (itemId, forSmall, forMiddle, forBig) VALUES (13, 469, 719, 799);
INSERT INTO sizes (itemId, small, middle, big) VALUES (13, 25, 30, 35);
INSERT INTO props (itemId, spicy, meat, vegetarian, grilled, closed) VALUES (13, False, True, False, True, False);

INSERT into items (itemId, title, types, rating) VALUES (14, 'Мясная', ARRAY[0, 1], 5);
INSERT INTO image (itemId, thin, traditional) VALUES (14, 'https://dodopizza-a.akamaihd.net/static/Img/Products/7c0a41c7daa0405e8fce0ed652762fad_584x584.jpeg', 'https://dodopizza-a.akamaihd.net/static/Img/Products/18dbb12240b041a191c9dc73c9c1f4ef_584x584.jpeg');
INSERT INTO prices (itemId, forSmall, forMiddle, forBig) VALUES (14, 469, 719, 799);
INSERT INTO sizes (itemId, small, middle, big) VALUES (14, 25, 30, 35);
INSERT INTO props (itemId, spicy, meat, vegetarian, grilled, closed) VALUES (14, True, True, False, True, False);

INSERT into items (itemId, title, types, rating) VALUES (15, 'Гавайская', ARRAY[0, 1], 1);
INSERT INTO image (itemId, thin, traditional) VALUES (15, 'https://dodopizza-a.akamaihd.net/static/Img/Products/358030fbfa134df0b62cab8467c872ea_584x584.jpeg', 'https://dodopizza-a.akamaihd.net/static/Img/Products/c24bb8e55baa4ca68945459ac6afdf3e_584x584.jpeg');
INSERT INTO prices (itemId, forSmall, forMiddle, forBig) VALUES (15, 419, 629, 749);
INSERT INTO sizes (itemId, small, middle, big) VALUES (15, 25, 30, 35);
INSERT INTO props (itemId, spicy, meat, vegetarian, grilled, closed) VALUES (15, False, True, False, True, False);

INSERT into items (itemId, title, types, rating) VALUES (16, 'Цыплёнок карри', ARRAY[0, 1], 9);
INSERT INTO image (itemId, thin, traditional) VALUES (16, 'https://dodopizza-a.akamaihd.net/static/Img/Products/24304304128a4f2598daf620552ede4e_584x584.jpeg', 'https://dodopizza-a.akamaihd.net/static/Img/Products/c8ac7d2eb95b4bd0b8bc2f366415896c_584x584.jpeg');
INSERT INTO prices (itemId, forSmall, forMiddle, forBig) VALUES (16, 419, 629, 749);
INSERT INTO sizes (itemId, small, middle, big) VALUES (16, 25, 30, 35);
INSERT INTO props (itemId, spicy, meat, vegetarian, grilled, closed) VALUES (16, False, True, False, True, False);